,B.1.1,,,,,,,,,,,,,,,,,,,,,,,,,,,,,,,,,,,,,,,,,,,,,,,,,,,,,,,,,,,,,,,,,,,,,,,,,,,,,,,,,,,,,,,,D614G,,,,,,,,,,,,,,,,,,,,,,,,,,,,,,,,,,,,
UK,B.1.1.7,Alpha,20I/501Y.V1,B.1.1.7,,,,,,,,,,,,DH69,DV70,,,,,,,,,,,DY144,,,,,,,,(E178H),,,,,,,,,,,,,,,,,,,,,,,,,,,,,,,,,,,,,,,,,,,,,N501Y,,,,,A570D,,,D614G,,,,,P681H,,T716I,,,,,,,,,,,,,,,,,,,,S982A,,,,,D1118H,,,,(K1191N)
,B.1.1.7,,,B.1.1.7+E484K,,,,,,,,,,,,DH69,DV70,,,,,,,,,,,DY144,,,,,,,,,,,,,,,,,,,,,,,,,,,,,,,,,,,,,,,,,,,,,,,E484K,,,,,,N501Y,,,,,,,,D614G,,,,,P681H,,T716I,,,,,,,,,,,,,,,,,,,,,,,,,D1118H,,,,
,B.1.1.7,,,B.1.1.7+L452R,,,,,,,,,,,,DH69,DV70,,,,,,,,,,,DY144,,,,,,,,,,,,,,,,,,,,,,,,,,,,,,,,,,,,,,,,,,L452R,,,,,,,,,,,N501Y,,,,,,,,D614G,,,,,P681H,,T716I,,,,,,,,,,,,,,,,,,,,,,,,,D1118H,,,,
,B.1.1.7,,,B.1.1.7+S494P,,,,,,,,,,,,DH69,DV70,,,,,,,,,,,DY144,,,,,,,,,,,,,,,,,,,,,,,,,,,,,,,,,,,,,,,,,,,,,,,,,,S494P,,,N501Y,,,,,A570D,,,D614G,,,,,P681H,,T716I,,,,,,,,,,,,,,,,,,,,,,,,,D1118H,,,,
,B.1.1.7,,,Q1,,,,,,,,,,,,DH69,DV70,,,,,,,,,,,DY144,,,,,,,,,,,,,,,,,,,,,,,,,,,,,,,,,,,,,,,,,,,,,,,,,,,,,N501Y,,,,,A570D,,,D614G,,,,,P681H,,T716I,,,,,,,,,,,,,,,,,,,,S982A,,,,,D1118H,,,,
,B.1.1.7,,,Q2,,,,,,,,,,,,DH69,DV70,,,,,,,,,,,DY144,,,,,,,,,,,,,,,,,,,,,,,,,,,,,,,,,,,,,,,,,,,,,,,,,,,,,N501Y,,,,,A570D,,,D614G,,,,,P681H,,T716I,,,,,,,,,,,,,,,,,,,,S982A,,,,,D1118H,,,,
,B.1.1.7,,,Q3,,,,,,,,,,,,DH69,DV70,,,,,,,,,,,DY144,,,,,,,,,,,,,,,,,,,,,,,,,,,,,,,,,,,,,,,,,,,,,,,,,,,,,N501Y,,,,,A570D,,,D614G,,,,,P681H,,T716I,,,,,,,,,,,,,,,,,,,,S982A,,,,,D1118H,,,,
,B.1.1.7,,,Q4,,,,,,,,,,,,DH69,DV70,,,,,,,,,,,DY144,,,,,,,,,,,,,,,,,,,,,,,,,,,,,,,,,,,,,,,,,,,,,,,,,,,,,N501Y,,,,,A570D,,,D614G,,,,,P681R,,T716I,,,,,,,,,,,,,,,,,,,,S982A,,,,,D1118H,,,,
,B.1.1.7,,,Q5,,,,,,,,,,,,DH69,DV70,,,,,,,,,,,DY144,,,,,,,,,,,,,,,,,,,,,,,,,,,,,,,,,,,,,,,,,,,,,,,,,,,,,N501Y,,,,,A570D,,,D614G,,,,,P681H,,T716I,,,,,,,,,,,,,,,,,,,,S982A,,,,,D1118H,,,,
,B.1.1.7,,,Q6,,,,,,,,,,,,DH69,DV70,,,,,,,,,,,DY144,,,,,,,,,,,,,,,,,,,,,,,,,,,,,,,,,,,,,,,,,,,,,,,,,,,,,N501Y,,,,,A570D,,,D614G,,,,,P681H,,T716I,,,,,,,,,,,,,,,,,,,,S982A,,,,,D1118H,,,,
,B.1.1.7,,,Q7,,,,,,,,,,,,DH69,DV70,,,,,,,,,,,DY144,,,,,,,,,,,,,,,,,,,,,,,,,,,,,,,,,,,,,,,,,,,,,,,,,,,,,N501Y,,,,,A570D,,,D614G,,,,,P681H,,T716I,,,,,,,,,,,,,,,,,,,,S982A,,,,,D1118H,,,,
,B.1.1.7,,,Q8,,,,,,,,,,,,DH69,DV70,,,,,,,,,,,DY144,,,,,,,,,,,,,,,,,,,,,,,,,,,,,,,,,,,,,,,,,,,,,,,,,,,,,N501Y,,,,,A570D,,,D614G,,,,,,,,,,,,,,,,,,,,,,,,,,,,,,,,D1118H,,,,
South Africa,B.1.1.529,Omicron,21K,B.1.1.529,,,,,,,,,,,A67V,DH69,DV70,,,,T95I,,,,,DG142,DV143,DY144,Y145D,,,,,,,,,,DN211,L212I,ins214EPE,,,,,,,,,,,,,,,,,,G339D,S371L,S373P,S375F,,,K417N,,N440K,G446S,,,,S477N,T478K,,E484A,,Q493R,,G496S,Q498R,N501Y,Y505H,,T547K,,,,,D614G,H655Y,,,N679K,P681H,,,,N764K,,,D796Y,,,,,,,,,,,N856K,,N969K,L981F,,,,,,,,,,
South Africa,B.1.351,Beta,20H/501Y.V2,B.1.351,,,,,,,,,,,,,,,,D80A,,,,,,,,,,,,,,,,,,,,,,D215G,,,D242,D243,D244,,,,,,,,,,,,,,,,,,K417N,,,,,,,,,,E484K,(F490S),,,,,N501Y/T,,,,,,,,D614G,,,,,,A701V,,,,,,,,,,,,,,,,,,,,,,,,,,,,,,
,B.1.351,,,B.1.351+E516Q,,,,,,,,,,,,,,,,D80A,,,,,,,,,,,,,,,,,,,,,,D215G,,,,,,,,,,,,,,,,,,,,,,,K417N,,,,,,,,,,E484K,,,,,,N501Y,,E516Q,,,,,,D614G,,,,,,A701V,,,,,,,,,,,,,,,,,,,,,,,,,,,,,,
,B.1.351,,,B.1.351+L18F,,,,,L18F,,,,,,,,,,,D80A,,,,,,,,,,,,,,,,,,,,,,D215G,,,,,,,,,,,,,,,,,,,,,,,K417N,,,,,,,,,,E484K,,,,,,N501Y,,,,,,,,D614G,,,,,,A701V,,,,,,,,,,,,,,,,,,,,,,,,,,,,,,
,B.1.351,,,B.1.351+P384L,,,,,,,,,,,,,,,,D80A,,,,,,,,,,,,,,,,,,,,,,D215G,,,,,,,,,,,,,,,,,,,,,,P384L,K417N,,,,,,,,,,E484K,,,,,,N501Y,,,,,,,,D614G,,,,,,A701V,,,,,,,,,,,,,,,,,,,,,,,,,,,,,,
,B.1.351,,,B.1.351.2,,,,,L18F,,,,,,,,,,,D80A,,,,,,,,,,,,,,,,,,,,,,D215G,,,,,,,,,,,,,,,,,,,,,,,K417N,,,,,,,,,,E484K,,,,,,N501Y,,,,,,,,D614G,,,,,,A701V,,,,,,,,,,,,,,,,,,,,,,,,,,,,,,
,B.1.351,,,B.1.351.3,,,,,L18F,,,,,,,,,,,D80A,,,,,,,,,,,,,,,,,,,,,,D215G,,,,,,,,,,,,,,,,,,,,,,,K417N,,,,,,,,,,E484K,,,,,,N501Y,,,,,,,,D614G,,,,,,A701V,,,,,,,,,,,,,,,,,,,,,,,,,,,,,,
,B.1.351,,,B.1.351.4,,,,,L18F,,,,,,,,,,,D80A,,,,,,,,,,,,,,,,,,,,,,D215G,,,,,,,,,,,,,,,,,,,,,,,K417N,,,,,,,,,,E484K,,,,,,N501Y,,,,,,,,D614G,,,,,,A701V,,,,,,,,,,,,,,,,,,,,,,,,,,,,,,
,B.1.351,,,B.1.351.5,,,,,L18F,,,,,,,,,,,D80A,,,,,,,,,,,,,,,,,,,,,,D215G,,,,,,,,,,,,,,,,,,,,,,,K417N,,,,,,,,,,E484K,,,,,,N501Y,,,,,,,,D614G,,,,,,A701V,,,,,,,,,,,,,,,,,,,,,,,,,,,,,,
,B.1.375,,20C,B.1.375,,,,,,,,,,,,DH69,DV70,,,,,,,,,,,,,,,,,,,,,,,,,,,,,,,,,,,,,,,,,,,,,,,,,,,,,,,(S477R),,,,,,,,,,,,,,,,,D614G,,,,,,,,,,,,,,,,,,,,,,,,,,,,,,,,,,,,
US (California),B.1.427,Epsilon,20C/S:452R,B.1.427,,,,S13I,,,,,,,,,,,,,,,,,,,,,,,W152C,,,,,,,,,,,,,,,,,,,,,,,,,,,,,,,,,,,,,,,L452R,(Y453F),,,,,,,,,,,,,,,,,,D614G,,,,,,,,,,,,,,,,,,,,,,,,,,,,,,,,,,D1183Y,,
US (California),B.1.429,Epsilon,20C/S:452R,B.1.429,,,,S13I,,,,,,,,,,,,,,,,,,,,,,,W152C,,,,,,,,,,,,,,,,,,,,,,,,,,,,,,,,,,,,,,,L452R,(Y453F),,,,,,,,,,,,,,,,,,D614G,,,(Q677H),,,,,,,,,,,,,,,,,,,,,,,,,,,,,,,D1183Y,,
,B.1.466.2,,,B.1.466.2,,,,,,,,,,,,,,,,,,,,,,,,,,,,,,,,,,,,,,,,,,,,,,,,,,,,,,,,,,,,,,N439K,,,,,,,,,,,,,,,,,,,,,,,D614G,,,,,P681R,,,,,,,,,,,,,,,,,,,,,,,,,,,,,,,
Nigeria,B.1.525,Eta,20A/S.484K,B.1.525,,,,,,,,,Q52R,,A67V,DH69,DV70,,,,,,,,,,,DY144,,,,,,,,,,,,,,,,,,,,,,,,,,,,,,,,,,,,,,,,,,,(Y453F),,,,E484K,,,,,,,,,,,,,,D614G,,,Q677H,,,,,,,,,,,,,,F888L,,,,,,,,,,,,,,,,,,,
US (NY City),B.1.526,Iota,20C/S.484K,B.1.526.1,L5F,,,,,,,,,,,,,,,(D80G),(T95I),,,,,,,(DY144),,,,,,(F157S),,,,,,,,,,,,,,,,,,,,,,D253G,,,,,,,,,,,,,,(L452R),,(S477N),,,(E484K),,,,,,,,,,,,,,D614G,,,,,,A701V,,,,,,,,,(T859N),,,,,,(D950H),,,(Q957R),,,,,,,,,,,,
France,B.1.616,,,B.1.616,,,,,,,,,,H66D,,,,,,,,,,,,G142G,,DY144,,,,,,,,,,,,,,D215G,,,,,,,,,,,,,,,,,,,,,,,,,,,,,,,,V483A,,,,,,,,,,,,,,,D614G,H655Y,G669S,,,,,,,,,,,,,,,,,,Q949R,,,,,,,,,,,,,,,N1187D,
India,B.1.617.1,Kappa,20A/S.154K; G/452.V3,B.1.617.1,,,,,,,,,,,,,,,,,,,,,,,,,,,,,,,,,,,,,,,,,,,,,,,,,,,,,,,,,,,,,,,,,,L452R,,,,,E484Q,,,,,,,,,,,,,,D614G,,,,,P681R,,,,,,,,,,,,,,,,,,,,,,,,Q1071H,,(H1101D),,,,,
India,B.1.617.2,Delta,20H/501Y.V2,B.1.617.2,,,,,,T19R,,,,,,,(V70F),,,,T95I,,,,,G142D,,,(Y145H),,,,DE156,DF157,R158G,,,,,,,,(A222V),,,,,,,,,,,,,,(W258L),,,,,,,,,,,,,L452R,,,T478K,,E484K,,,,,,,,,,,,,,D614G,,,,,P681R,,,,,,,,,,,,,,,,D950N,,,,,,,,,,,,,,,
,B.1.617.2,,,Delta+E484Q,,,,,,T19R,,,,,,,(V70F),,,,T95I,,,,,G142D,,,(Y145H),,,,DE156,DF157,R158G,,,,,,,,(A222V),,,,,,,,,,,,,,(W258L),,,,,,,,,,,,,L452R,,,T478K,,E484Q,,,,,,,,,,,,,,D614G,,,,,P681R,,,,,,,,,,,,,,,,D950N,,,,,,,,,,,,,,,
,B.1.617.2,,,Delta+Q613H,,,,,,T19R,,,,,,,(V70F),,,,T95I,,,,,G142D,,,(Y145H),,,,DE156,DF157,R158G,,,,,,,,(A222V),,,,,,,,,,,,,,(W258L),,,,,,,,,,,,,L452R,,,T478K,,E484Q,,,,,,,,,,,,,Q613H,D614G,,,,,P681R,,,,,,,,,,,,,,,,D950N,,,,,,,,,,,,,,,
,B.1.617.2,,,Delta Plus,,,,,,T19R,,,,,,,,,,,,,,,,G142D,,,,,,,,,,,,,,,,,,,,,,,,,,,,,,,,,,,,,,,K417N,,,,,L452R,,,T478K,,,,,,,,,,,,,,,,D614G,,,,,P681R,,,,,,,,,,,,,,,,D950N,,,,,,,,,,,,,,,
,B.1.617.2,,,Delta V (1+0),,,,,,T19R,,,,,,,,,,,,,,,,,,DY144,,,,,,,,,,,,,,,,,,,,,,,,,,,,,,,,,,,,,,,,,,L452R,,,T478K,,,,,,,,,,,,,,,,D614G,,,,,P681R,,,,,,,,,,,,,,,,D950N,,,,,,,,,,,,,,,
,B.1.617.2,,,Delta V (1+2),,,,,,T19R,,,,,,,,,,,,,,,,,,DY144,,,,,DE156,DF157,R158G,,,,,,,,,,,,,,,,,,,,,,,,,,,,,,,,,,,L452R,,,T478K,,,,,,,,,,,,,,,,D614G,,,,,P681R,,,,,,,,,,,,,,,,D950N,,,,,,,,,,,,,,,
,B.1.617.2,,,Delta V (3+0),,,,,,T19R,,,,,,DH69,DV70,,,,,,,,,,,DY144,,,,,,,,,,,,,,,,,,,,,,,,,,,,,,,,,,,,,,,,,,L452R,,,T478K,,,,,,,,,,,,,,,,D614G,,,,,P681R,,,,,,,,,,,,,,,,D950N,,,,,,,,,,,,,,,
,B.1.617.2,,,Delta V (3+2),,,,,,T19R,,,,,,DH69,DV70,,,,,,,,,,,DY144,,,,,DE156,DF157,R158G,,,,,,,,,,,,,,,,,,,,,,,,,,,,,,,,,,,L452R,,,T478K,,,,,,,,,,,,,,,,D614G,,,,,P681R,,,,,,,,,,,,,,,,D950N,,,,,,,,,,,,,,,
India,B.1.617.3,,20A,B.1.617.3,,,,,,T19R,,,,,,,,,,,,,,,,,,,,,,,,,,,,,,,,,,,,,,,,,,,,,,,,,,,,,,,,,,,,L452R,,,,,E484Q,,,,,,,,,,,,,,D614G,,,,,P681R,,,,,,,,,,,,,,,,D950N,,,,,,,,,,,,,,,
,B.1.619,,,B.1.619,,,,,,,,,,,,,,,,,,,,,,,,,,,,,,,,,,I210T,,,,,,,,,,,,,,,,,,,,,,,,,,,,,N440K,,,,,,,,E484K,,,,,,,,,,,,,,D614G,,,,,,,,,,,,,,,,,,,D936N,Q939F,,,,,,,,T1027I,,,,,,,,
Cameroon,B.1.620,,20A/S:126A,B.1.620,,,,,,,,P26S,,,,DH69,DV70,,,,,V126A,,,,,,DY144,,,,,,,,,,,,,,,,L241del,DL242,DA243,,H245Y,,,,,,,,,,,,,,,,,,,,,,,,S477N,,,E484K,,,,,,N501Y,,,,,,,,D614G,,,,,P681H,,,,,,,,,,,,,,,,,,,,,,,T1027I,,,,D1118H,,,,
Colombia,B.1.621,Mu,21H,B.1.621,,,,,,,,,,,,,,,,,T95I,,,,,,,Y144T/S,Y145S/N,ins146N,,,,,,,,,,,,,,,,,,,,,,,,,,,,,,E346K,,,,,,,,,,,,,,,E484K,,,,,,N501Y,,,,,,,,D614G,,,,,P681H,,,,,,,,,,,,,,,,D950N,,,,,,,,,,,,,,,
Peru,B.1.1.1.C37,Lambda,21G,C.37,,,,,,,,,,,,,,G75V,T76I,,,,,,,,,,,,,,,,,,,,,,,,,,,,,,R246del(R246N),S247del,Y248del,L249del,T250del,P251del,D252,D253(D253G),,,,,,,,,,,,,,L452Q,,,,,,F490S,,,,,,,,,,,,,D614G,,,,,,,,,,,,,,,T859N,,,,,,,,,,,,,,,,,,,,,
,B.1.1.318-related,,,B.1.1.318-related,,,,,,,,,,,,,,,,,T95I,,,,,,,DY144,,,,,,,,,,,,,,,,,,,,,,,,,,,,,,,,,,,,,,,,,,,,,,,E484K,,,,,,,,,,,,,,D614G,,,,,P681H,,,,,,,D796H,,,,,,,,,,,,,,,,,,,,,,,,
Mexico,B.1.1.519,,,B.1.1.519,,,,,,,,,,,,,,,,,,,,,,,,,,,,,,,,,,,,,,,,,,,,,,,,,,,,,,,,,,,,,,,,,,,,,T478K,,,,,,,,,,,,,,,,D614G,,,,,P681H,,,T732A,,,,,,,,,,,,,,,,,,,,,,,,,,,,
,B.1.1.523,,,B.1.1.523,,,,,,,,,,,,,,,,,,,,,,,,,,,,,DE156,DF157,R158G,,,,,,,,,,,,,,,,,,,,,,,F306L,,,,,,,,,,,,,,,,,E484K,,,S494P,,,,,,,,,,,D614G,,,,,,,,,,,E780A,,D839V,,,,,,,,,,,,,,,T1027I,,,,,,,,
South Africa,C.1.2,,,C.1.2,,P9L,,,,,,,,,,,,,,,,,C136F,,,,,DY144,,,,,,,,,R190S,,,,,D215G,,,,,,,,,,,,,,,,,,,,,,,,,,,Y449H,,,,,,E484K,,,,,,N501Y,,,,,,,,D614G,H655Y,,,N679K,,,,,,,,,,,,,,,,,,,,,,,,,,,,,,,,
,C.36.3-related,,,C.36.3-related,,,S12F,,,,,,,,,DH69,DV70,,,,,,,,,,,,,,W152R,,,,,,,,,,,,,,,,,,,,,,,,,,,,,E346S,,,,,,,,,,L452R,,,,,,,,,,,,,,,,,,,D614G,,,Q677H,,,,,,,,,,,,,,,A899S,,,,,,,,,,,,,,,,,,
Japan/Brazil,P.1,Gamma,20J/501Y.V3,P.1,,,,,L18F,,T20N,P26S,,,,,,,,,,,,D138Y,,,,,,,,,,,,,R190S,,,,,,,,,,,,,,,,,,,,,,,,,,,,K417N/T,,,,,,,,,,E484K,,,,,,N501Y,,,,,,,,D614G,H655Y,,,,(P681H),,,,,,,,,,,,,,,,,,,,,,,T1027I,,,,,V1176F,,,
,P.1,,,P.1+P681H,,,,,,,,,,,,,,,,,,,,,,,,,,,,,,,,,,,,,,,,,,,,,,,,,,,,,,,,,,,,,,,,,,,,,,,,,,,,,,,,,,,,,D614G,,,,,,,,,,,,,,,,,,,,,,,,,,,,,,,,,,,,
,P.1,,,P.1.1,,,,,,,,,,,,,,,,,,,,,,,,,,,,,,,,,,,,,,,,,,,,,,,,,,,,,,,,,,,,,,,,,,,,,,,,,,,,,,,,,,,,,D614G,,,,,,,,,,,,,,,,,,,,,,,,,,,,,,,,,,,,
,P.1,,,P.1.2,,,,,,,,,,,,,,,,,,,,,,,,,,,,,,,,,,,,,,,,,,,,,,,,,,,,,,,,,,,,,,,,,,,,,,,,,,,,,,,,,,,,,D614G,,,,,,,,,,,,,,,,,,,,,,,,,,,,,,,,,,,,
Brazil,P.2 (B.1.1.28.2),Zeta,20J/,P.2,,,,,,,,,,,,,,,,,,,,,,,,,,,,,,,,,,,,,,,,,,,,,,,,,,,,,,,,,,,,,,,,,,,,,,,E484K,,,,,,,,,,(F565L),,,,D614G,,,,,,,,,,,,,,,(T859I),,,,,,,,,,,,,,,,,,(V1176F),,,
Phillipines,P.3 (B.1.1.28.3),Theta,,P.3,,,,,,,,,,,,,,,,,,,,,DL141,DG142,DV143,,,,,,,,,,,,,,,,,,,DA243,DL244,,,,,,,,,,,,,,,,,,,,,,,,,,,,E484K,,,,,,N501Y,,,,,,G593G,,D614G,,,,,P681H,,,,,,,,,,,S875S,,,,,,,,,,,,,,E1092K,H1101Y,,V1176F,,,
,R.1,,,R.1,,,,,,,,,,,,,,,,,,,,,,,,,,,W152R,,,,,,,,,,,,,,,,,,,,,,,,,,,,,,,,,,,,,,,,,,,,E484K,,,,,,,,,,,,,,D614G,,,,,,,,,,G769V,,,,,,,,,,,,,,,,,,,,,,,,,,